Name;Description;Img Link;Price;Rating;Seller
hp samsung e1272 termurah original jadul samsung lipat dual sim - Hitam;Samsung dual card dual standby ponsel flip 1272. . Untuk persyaratan warna, harap sertakan dalam instruksi pembelian. Jika tidak, kami akan mengirimkannya secara acak.. Barang yang diterima memiliki garan;https://images.tokopedia.net/img/cache/200-square/VqbcmM/2021/10/3/270c88ea-ad0e-47d1-a099-9638bc84d220.jpg.webp?ect=4g;Rp152.100;4.6;Little Master.shop
nokia 105 new 2019 garansi resmi - BIRU TAM;update 9 juni 2020. 100% baru. 100% garansi resmi. #####REKOMENDASI Sekilo ISI 5 ya kak. Bs 6u tp otimatis jd tipis buble. varian TAM garansi tam.wraping polos ya kk sekarang tp ada segel. . NETWORK Technol;https://images.tokopedia.net/img/cache/200-square/product-1/2019/12/19/2375085/2375085_79aa3a81-9152-4416-b48d-8c27d2c33153_959_959.jpg.webp?ect=4g;Rp225.000;5;hapehapeku21
xiaomi redmi 4a 2/32gb GARANSI 1 THN - Abu-abu, 2/16gb;XIOMI 4A 2/32gb & 2/16gb garansi 1 tahun. . Harap untuk tanyakan ketersediaan stok dan warna terlebih dahulu sebelum memesan. . . ***BACA INI SEBELUM MEMBELI***. . -Produk Berfungsi Normal. . -Produk Baru , Be;https://images.tokopedia.net/img/cache/200-square/VqbcmM/2021/9/24/86c4076f-03e4-4ad0-8f32-f167371e38da.jpg.webp?ect=4g;Rp542.000;4.8;Demeterstore
SAMSUNG CARAMEL E1272 MURAH GROSIR HP JADUL SAMSUNG LIPAT - Putih;SAMSUNG LIPAT. Harap Cantum Warna pilihan. . Proses Pengemasan kurang dari 1 hari. Semua HP yg terkirim sudah kami cek. Speaker. kartu SIM. LCD. Baterai. Charger. . BARANG DIKIRIM DALAM KONDISI SUDAH DICEK HIDUP;https://images.tokopedia.net/img/cache/200-square/VqbcmM/2021/9/9/658c7c66-6c1f-4799-bfab-11ee655fc390.jpg.webp?ect=4g;Rp160.000;4.6;First Acc HP
iPhone 12 mini 64Gb 128Gb 256Gb Bekas Fullset Second Mulus - Hitam, 64Gb (Grade A);iPhone 12 MINI 64GB 128Gb 256Gb Bekas Fullset Second Mulus. . FREE TEMPERGLASS & SOFTCASE. . - Second Original Ex inter US. - Jaminan bukan rekondisi atau refurbished. - Full set / lengkap (Acc oem) acc tid;https://images.tokopedia.net/img/cache/200-square/VqbcmM/2021/11/29/82a2f73c-0725-4a61-b4cb-95d5c6dc4c01.jpg.webp?ect=4g;Rp7.999.999;4.9;GNT
Iphone 11 128GB Garansi Resmi TAM / Ibox;Untuk Harga yg dicantum :. Harga Promo Dan kuota. yg Diberikan Terbatas. Mohon Konfirmasi Sebelum Check Out. . Untuk Kapasitas. 64 , 128 ,256. . Hanya Nama Produk Iphone 11 128. Varian gb dan warna silahkan d;https://images.tokopedia.net/img/cache/200-square/VqbcmM/2021/11/2/4173dc21-75e3-4691-8574-c1e38cf0819b.png.webp?ect=4g;Rp10.599.000;5;PT Pratama Sntra Semesta
Iphone XR Garansi Resmi Ibox;Promo Price sesuai stok yang tersedia. Unit baru dan terbatas. Silahkan cekout jika stok masih ada. . . Iphone XR - Garansi Resmi Apple. Green Peel. New Product. Garansi Resmi Apple indonesia. . Kode BARANG 64,;https://images.tokopedia.net/img/cache/200-square/VqbcmM/2021/11/2/d6dac822-9e50-4854-bf6b-222d3591f559.png.webp?ect=4g;Rp8.399.000;5;PT Pratama Sntra Semesta
SAMSUNG GALAXY M32 - NFC - 5000mAh - 6GB 128GB 6/128 - Garansi Resmi;SAMSUNG GALAXY M32 6/128GB. . GARANSI RESMI SEIN SAMSUNG INDONESIA. IMEI TERDAFTAR DI WEBSITE KEMENPERIN. . WARNA TERSEDIA SESUAI VARIAN. - HITAM. - BIRU. - PUTIH. . Spesifikasi :. . NETWORK Technology. GSM / HSPA;https://images.tokopedia.net/img/cache/200-square/VqbcmM/2021/7/29/96748ddc-68de-423e-b34b-78818ea0b715.jpg.webp?ect=4g;Rp2.899.900;4.9;Shopyz ID
SAMSUNG GALAXY A32 5G - NFC - 8GB 128GB 8/128 GARANSI RESMI;SAMSUNG GALAXY A32 5G 8/128GB. . GARANSI RESMI SEIN SAMSUNG INDONESIA. IMEI TERDAFTAR DI WEBSITE KEMENPERIN. . WARNA TERSEDIA SESUAI VARIAN. - Awesome Black. - Awesome White. . Spesifikasi :. . NETWORK Technolog;https://images.tokopedia.net/img/cache/200-square/VqbcmM/2021/6/7/6c8e3369-cb6a-4618-a30c-c876cb9ceec1.jpg.webp?ect=4g;Rp3.799.900;4.9;Shopyz ID
Samsung M12 4/64 GB Garasi Resmi SEIN;Ready Stok *03 Desember 2021. . . SIM Dual SIM (Nano-SIM, dual stand-by). Size 6.5 inches. PLATFORM OS Android 11, One UI Core 3.1. Chipset Exynos 850 (8nm). CPU Octa-core (4x2.0 GHz Cortex-A55 & 4x2.0 GHz C;https://images.tokopedia.net/img/cache/200-square/VqbcmM/2021/6/21/04fb9882-da03-4c76-b5a8-95f38c103caa.jpg.webp?ect=4g;Rp1.909.000;4.9;Gudang-HP
Samsung Galaxy A12 6/128 GB Garansi Resmi SEIN;Ready Stock *03 Desember 2021. . Kardus & Bubble Warp :. https://www.tokopedia.com/gudang-hp/kardus-bubble-extra-packing. . Anti Crack :. https://www.tokopedia.com/gudang-hp/anti-crack-samsung-a12. . . SIM Sin;data:image/png base64,iVBORw0KGgoAAAANSUhEUgAAAHgAAAB4CAQAAACTbf5ZAAAAiklEQVR42u3PMQEAAAwCoNm/9Cr4Cw3IjYmwsLCwsLCwsLCwsLCwsLCwsLCwsLCwsLCwsLCwsLCwsLCwsLCwsLCwsLCwsLCwsLCwsLCwsLCwsLCwsLCwsLCwsLCwsLCwsLCwsLCwsLCwsLCwsLCwsLCwsLCwsLCwsLCwsLCwsLCwsLCwsLCwsHDrASUpAHnJhbktAAAAAElFTkSuQmCC;Rp2.377.000;4.9;Gudang-HP
Samsung Galaxy A03s 4/64 GB Garansi Resmi SEIN;Ready Stok *02 Desember 2021. . SIM Dual SIM (Nano-SIM, dual stand-by). Type PLS LCD. Size 6.5 inches. PLATFORM OS Android 11, One UI 3.1 Core. Chipset MediaTek MT6765 Helio P35 (12nm). CPU Octa-core (4x2.35;data:image/png base64,iVBORw0KGgoAAAANSUhEUgAAAHgAAAB4CAQAAACTbf5ZAAAAiklEQVR42u3PMQEAAAwCoNm/9Cr4Cw3IjYmwsLCwsLCwsLCwsLCwsLCwsLCwsLCwsLCwsLCwsLCwsLCwsLCwsLCwsLCwsLCwsLCwsLCwsLCwsLCwsLCwsLCwsLCwsLCwsLCwsLCwsLCwsLCwsLCwsLCwsLCwsLCwsLCwsLCwsLCwsLCwsLCwsHDrASUpAHnJhbktAAAAAElFTkSuQmCC;Rp1.750.000;4.9;Gudang-HP
Samsung Galaxy A02 3/32 GB Garansi Resmi SEIN;Ready Stock *03 Desember 2021. . SIM Single SIM (Nano-SIM) or Dual SIM (Nano-SIM, dual stand-by). Size 6.5 inches,. PLATFORM OS Android 10, One UI 2.0. Chipset Mediatek MT6739W (28 nm). CPU Quad-core 1.5 GH;data:image/png base64,iVBORw0KGgoAAAANSUhEUgAAAHgAAAB4CAQAAACTbf5ZAAAAiklEQVR42u3PMQEAAAwCoNm/9Cr4Cw3IjYmwsLCwsLCwsLCwsLCwsLCwsLCwsLCwsLCwsLCwsLCwsLCwsLCwsLCwsLCwsLCwsLCwsLCwsLCwsLCwsLCwsLCwsLCwsLCwsLCwsLCwsLCwsLCwsLCwsLCwsLCwsLCwsLCwsLCwsLCwsLCwsLCwsHDrASUpAHnJhbktAAAAAElFTkSuQmCC;Rp1.475.000;4.9;Gudang-HP
Oppo Reno 6 Ram 8GB+128GB Garansi Resmi Oppo 1 Tahun;Oppo Reno 6 Ram 8GB+128GB Garansi Resmi Oppo 1 Tahun. . Penting. - Garansi Resmi Oppo Indonesia. - Imei Terdaftar di Kemenprin. . Kelengkapan. - Handphone. - Headset. - Charger. - Softcase. - Kartu garansi Bagia;data:image/png base64,iVBORw0KGgoAAAANSUhEUgAAAHgAAAB4CAQAAACTbf5ZAAAAiklEQVR42u3PMQEAAAwCoNm/9Cr4Cw3IjYmwsLCwsLCwsLCwsLCwsLCwsLCwsLCwsLCwsLCwsLCwsLCwsLCwsLCwsLCwsLCwsLCwsLCwsLCwsLCwsLCwsLCwsLCwsLCwsLCwsLCwsLCwsLCwsLCwsLCwsLCwsLCwsLCwsLCwsLCwsLCwsLCwsHDrASUpAHnJhbktAAAAAElFTkSuQmCC;Rp4.419.000;5;36shop
Xiaomi Redmi Note 9 6/128 GB Garansi Resmi;Ready Stok *03 Desember 2021. . Tambahan extra bubble dan kardus. https://www.tokopedia.com/gudang-hp/kardus-bubble-extra-packing. . SIM Dual SIM (Nano-SIM, dual stand-by). Size 6.53 inches, 104.7 cm2 (~83.;data:image/png base64,iVBORw0KGgoAAAANSUhEUgAAAHgAAAB4CAQAAACTbf5ZAAAAiklEQVR42u3PMQEAAAwCoNm/9Cr4Cw3IjYmwsLCwsLCwsLCwsLCwsLCwsLCwsLCwsLCwsLCwsLCwsLCwsLCwsLCwsLCwsLCwsLCwsLCwsLCwsLCwsLCwsLCwsLCwsLCwsLCwsLCwsLCwsLCwsLCwsLCwsLCwsLCwsLCwsLCwsLCwsLCwsLCwsHDrASUpAHnJhbktAAAAAElFTkSuQmCC;Rp2.448.000;4.9;Gudang-HP
XIAOMI Mi POCO X3 Pro 6/128GB NFC Snapdragon™ 860 48MP 5160mAh;Xiaomi Official Store Garansi Resmi. POCO X3 Pro memiliki teknologi memori UFS 3.1 yang ditingkatkan, POCO X3 Pro menawarkan kecepatan baca dan tulis yang tajam.. POCO X3 Pro menggunakan Teknologi Liqui;data:image/png base64,iVBORw0KGgoAAAANSUhEUgAAAHgAAAB4CAQAAACTbf5ZAAAAiklEQVR42u3PMQEAAAwCoNm/9Cr4Cw3IjYmwsLCwsLCwsLCwsLCwsLCwsLCwsLCwsLCwsLCwsLCwsLCwsLCwsLCwsLCwsLCwsLCwsLCwsLCwsLCwsLCwsLCwsLCwsLCwsLCwsLCwsLCwsLCwsLCwsLCwsLCwsLCwsLCwsLCwsLCwsLCwsLCwsHDrASUpAHnJhbktAAAAAElFTkSuQmCC;Rp3.499.000;4.9;Xiaomi Official Store
Samsung M02 2/32 GB Garansi Resmi;Ready Stock *03 Desember 2021. . . SIM Single SIM (Nano-SIM) or Dual SIM (Nano-SIM, dual stand-by). Size 6.5 inches, 102.0 cm2 (~81.9% screen-to-body ratio). PLATFORM OS Android 10, One UI 2.0. Chipset Medi;data:image/png base64,iVBORw0KGgoAAAANSUhEUgAAAHgAAAB4CAQAAACTbf5ZAAAAiklEQVR42u3PMQEAAAwCoNm/9Cr4Cw3IjYmwsLCwsLCwsLCwsLCwsLCwsLCwsLCwsLCwsLCwsLCwsLCwsLCwsLCwsLCwsLCwsLCwsLCwsLCwsLCwsLCwsLCwsLCwsLCwsLCwsLCwsLCwsLCwsLCwsLCwsLCwsLCwsLCwsLCwsLCwsLCwsLCwsHDrASUpAHnJhbktAAAAAElFTkSuQmCC;Rp1.319.000;4.9;Gudang-HP
Infinix Note 10 Pro 8/128 GB Garansi Resmi;Ready Stok *04 Desember 2021. . SIM Dual SIM (Nano-SIM, dual stand-by). Size 6.95 inches. PLATFORM OS Android 11, XOS 7.6. Chipset Mediatek Helio G95 (12 nm). CPU Octa-core (2x2.05 GHz Cortex-A76 & 6x2.0 GH;data:image/png base64,iVBORw0KGgoAAAANSUhEUgAAAHgAAAB4CAQAAACTbf5ZAAAAiklEQVR42u3PMQEAAAwCoNm/9Cr4Cw3IjYmwsLCwsLCwsLCwsLCwsLCwsLCwsLCwsLCwsLCwsLCwsLCwsLCwsLCwsLCwsLCwsLCwsLCwsLCwsLCwsLCwsLCwsLCwsLCwsLCwsLCwsLCwsLCwsLCwsLCwsLCwsLCwsLCwsLCwsLCwsLCwsLCwsHDrASUpAHnJhbktAAAAAElFTkSuQmCC;Rp2.718.000;5;Gudang-HP
INFINIX NOTE 10 PRO NFC RAM 8 128 RAM 6 64 GARANSI RESMI;GARANSI RESMI INFINIX INDONESIA,IMEI TERDAFTAR. . MOHON CHAT DULU SEBELUM PEMBAYARAN. . UNTUK BONUS ACCESORIES,BISA PILIH DI VARIAN GIFT(UTK NON GIFT=TANPA BONUS ACCESORIES/STANDARD DLM BOXNYA). . PERMINTAA;data:image/png base64,iVBORw0KGgoAAAANSUhEUgAAAHgAAAB4CAQAAACTbf5ZAAAAiklEQVR42u3PMQEAAAwCoNm/9Cr4Cw3IjYmwsLCwsLCwsLCwsLCwsLCwsLCwsLCwsLCwsLCwsLCwsLCwsLCwsLCwsLCwsLCwsLCwsLCwsLCwsLCwsLCwsLCwsLCwsLCwsLCwsLCwsLCwsLCwsLCwsLCwsLCwsLCwsLCwsLCwsLCwsLCwsLCwsHDrASUpAHnJhbktAAAAAElFTkSuQmCC;Rp2.489.000;4.9;Bintang Terang Cell
Samsung Galaxy A12 4/128 GB Garansi Resmi SEIN;Ready Stock *03 Desember 2021. . Kardus & Bubble Warp :. https://www.tokopedia.com/gudang-hp/kardus-bubble-extra-packing. . Anti Crack :. https://www.tokopedia.com/gudang-hp/anti-crack-samsung-a12. . SIM Sing;data:image/png base64,iVBORw0KGgoAAAANSUhEUgAAAHgAAAB4CAQAAACTbf5ZAAAAiklEQVR42u3PMQEAAAwCoNm/9Cr4Cw3IjYmwsLCwsLCwsLCwsLCwsLCwsLCwsLCwsLCwsLCwsLCwsLCwsLCwsLCwsLCwsLCwsLCwsLCwsLCwsLCwsLCwsLCwsLCwsLCwsLCwsLCwsLCwsLCwsLCwsLCwsLCwsLCwsLCwsLCwsLCwsLCwsLCwsHDrASUpAHnJhbktAAAAAElFTkSuQmCC;Rp2.153.000;4.9;Gudang-HP
Xiaomi Poco X3 GT 8/128GG + 8/256GB Garansi Resmi;Unit baru dan bersegel ~. Garansi Resmi Xiaomi Indonesia... . . NETWORK Technology GSM / HSPA / LTE / 5G. LAUNCH Announced 2021, July 28. Status Coming soon. Exp. release 2021, August. BODY Dimensions 163.3 ;data:image/png base64,iVBORw0KGgoAAAANSUhEUgAAAHgAAAB4CAQAAACTbf5ZAAAAiklEQVR42u3PMQEAAAwCoNm/9Cr4Cw3IjYmwsLCwsLCwsLCwsLCwsLCwsLCwsLCwsLCwsLCwsLCwsLCwsLCwsLCwsLCwsLCwsLCwsLCwsLCwsLCwsLCwsLCwsLCwsLCwsLCwsLCwsLCwsLCwsLCwsLCwsLCwsLCwsLCwsLCwsLCwsLCwsLCwsHDrASUpAHnJhbktAAAAAElFTkSuQmCC;Rp4.199.000;4.9;duniagadgetku
IPhone 12 Pro Max Garansi Resmi Ibox;Green Peel. New Product. Garansi Resmi Apple indonesia. . - Prodak Garansi 364 Hari. ( Tidak Sampai Setahun ). Pada saat Aktifasi Connect Wifi. . . Garansi Resmi Apple. Tidak ada Garansi Toko. Dengan Mengaktifka;data:image/png base64,iVBORw0KGgoAAAANSUhEUgAAAHgAAAB4CAQAAACTbf5ZAAAAiklEQVR42u3PMQEAAAwCoNm/9Cr4Cw3IjYmwsLCwsLCwsLCwsLCwsLCwsLCwsLCwsLCwsLCwsLCwsLCwsLCwsLCwsLCwsLCwsLCwsLCwsLCwsLCwsLCwsLCwsLCwsLCwsLCwsLCwsLCwsLCwsLCwsLCwsLCwsLCwsLCwsLCwsLCwsLCwsLCwsHDrASUpAHnJhbktAAAAAElFTkSuQmCC;Rp18.799.000;5;PT Pratama Sntra Semesta
Xiaomi Redmi Note 10s 8/128 GB Garasni Resmi;Ready Stock *01 Desember 2021. . . SIM Dual SIM (Nano-SIM, dual stand-by). DISPLAY Type AMOLED, 450 nits (typ), 1100 nits (peak). Size 6.43 inches, 99.8 cm2 (~83.5% screen-to-body ratio). PLATFORM OS Androi;data:image/png base64,iVBORw0KGgoAAAANSUhEUgAAAHgAAAB4CAQAAACTbf5ZAAAAiklEQVR42u3PMQEAAAwCoNm/9Cr4Cw3IjYmwsLCwsLCwsLCwsLCwsLCwsLCwsLCwsLCwsLCwsLCwsLCwsLCwsLCwsLCwsLCwsLCwsLCwsLCwsLCwsLCwsLCwsLCwsLCwsLCwsLCwsLCwsLCwsLCwsLCwsLCwsLCwsLCwsLCwsLCwsLCwsLCwsHDrASUpAHnJhbktAAAAAElFTkSuQmCC;Rp3.054.000;5;Gudang-HP
Infinix Smart 5 3/64 GB Garansi Resmi;Ready Stock *04 Desember 2021. . . SIM Dual SIM (Nano-SIM, dual stand-by). Size 6.6 inches, 105.2 cm2 (~83.2% screen-to-body ratio). PLATFORM OS Android 10 (Go edition). Chipset Mediatek MT6761D Helio A20 (;data:image/png base64,iVBORw0KGgoAAAANSUhEUgAAAHgAAAB4CAQAAACTbf5ZAAAAiklEQVR42u3PMQEAAAwCoNm/9Cr4Cw3IjYmwsLCwsLCwsLCwsLCwsLCwsLCwsLCwsLCwsLCwsLCwsLCwsLCwsLCwsLCwsLCwsLCwsLCwsLCwsLCwsLCwsLCwsLCwsLCwsLCwsLCwsLCwsLCwsLCwsLCwsLCwsLCwsLCwsLCwsLCwsLCwsLCwsHDrASUpAHnJhbktAAAAAElFTkSuQmCC;Rp1.384.000;5;Gudang-HP
Xiaomi Redmi Note 10s 6/64 GB Garansi Resmi;Ready Stock *04 Desember 2021. . . SIM Dual SIM (Nano-SIM, dual stand-by). DISPLAY Type AMOLED, 450 nits (typ), 1100 nits (peak). Size 6.43 inches, 99.8 cm2 (~83.5% screen-to-body ratio). PLATFORM OS Androi;data:image/png base64,iVBORw0KGgoAAAANSUhEUgAAAHgAAAB4CAQAAACTbf5ZAAAAiklEQVR42u3PMQEAAAwCoNm/9Cr4Cw3IjYmwsLCwsLCwsLCwsLCwsLCwsLCwsLCwsLCwsLCwsLCwsLCwsLCwsLCwsLCwsLCwsLCwsLCwsLCwsLCwsLCwsLCwsLCwsLCwsLCwsLCwsLCwsLCwsLCwsLCwsLCwsLCwsLCwsLCwsLCwsLCwsLCwsHDrASUpAHnJhbktAAAAAElFTkSuQmCC;Rp2.677.000;5;Gudang-HP
Infinix Note 10 Pro NFC 6/64 GB + 8/128 GB Garansi Resmi;Baru dan Bersegel. Garansi Resmi , IMEI Terdaftar. . . . NETWORK Technology. GSM / HSPA / LTE. LAUNCH Announced 2021, May 12. Status Available. Released 2021, June 07. BODY Dimensions 172.8 x 78.3 x 7.8 mm (6.;data:image/png base64,iVBORw0KGgoAAAANSUhEUgAAAHgAAAB4CAQAAACTbf5ZAAAAiklEQVR42u3PMQEAAAwCoNm/9Cr4Cw3IjYmwsLCwsLCwsLCwsLCwsLCwsLCwsLCwsLCwsLCwsLCwsLCwsLCwsLCwsLCwsLCwsLCwsLCwsLCwsLCwsLCwsLCwsLCwsLCwsLCwsLCwsLCwsLCwsLCwsLCwsLCwsLCwsLCwsLCwsLCwsLCwsLCwsHDrASUpAHnJhbktAAAAAElFTkSuQmCC;Rp2.550.000;5;duniagadgetku
Xiaomi Redmi 9A 2/32 ~ 3/32 GB Garansi Resmi , IMEI Terdaftar;Garansi Resmi Xiaomi Indonesia. IMEI terdaftar. . 2GB 32GB ~ Ram 2 GB Internal 32 GB. 3GB 32 GB ~ Ram 3 GB Internal 32 GB. . NETWORK Technology. GSM / HSPA / LTE. LAUNCH Announced 2020, June 30. Status Availab;data:image/png base64,iVBORw0KGgoAAAANSUhEUgAAAHgAAAB4CAQAAACTbf5ZAAAAiklEQVR42u3PMQEAAAwCoNm/9Cr4Cw3IjYmwsLCwsLCwsLCwsLCwsLCwsLCwsLCwsLCwsLCwsLCwsLCwsLCwsLCwsLCwsLCwsLCwsLCwsLCwsLCwsLCwsLCwsLCwsLCwsLCwsLCwsLCwsLCwsLCwsLCwsLCwsLCwsLCwsLCwsLCwsLCwsLCwsHDrASUpAHnJhbktAAAAAElFTkSuQmCC;Rp1.299.000;5;duniagadgetku
Xiaomi Poco X3 Pro 8/256 GB Garansi Resmi;Ready Stock *27 November 2021. . . SIM Hybrid Dual SIM (Nano-SIM, dual stand-by). DISPLAY Type IPS LCD, 120Hz, HDR10, 450 nits (typ). Size 6.67 inches,. PLATFORM OS Android 11, MIUI 12 for POCO. Chipset Qual;data:image/png base64,iVBORw0KGgoAAAANSUhEUgAAAHgAAAB4CAQAAACTbf5ZAAAAiklEQVR42u3PMQEAAAwCoNm/9Cr4Cw3IjYmwsLCwsLCwsLCwsLCwsLCwsLCwsLCwsLCwsLCwsLCwsLCwsLCwsLCwsLCwsLCwsLCwsLCwsLCwsLCwsLCwsLCwsLCwsLCwsLCwsLCwsLCwsLCwsLCwsLCwsLCwsLCwsLCwsLCwsLCwsLCwsLCwsHDrASUpAHnJhbktAAAAAElFTkSuQmCC;Rp3.900.000;4.9;Gudang-HP
Samsung M32 6/128GB GARANSI RESMI SAMSUNG INDONESIA;Utk detail spec bisa search ke website resmi samsung indonesia... . . DISPLAY Type Super AMOLED, 90Hz, 800 nits (HBM). Size 6.4 inches, 98.9 cm2 (~83.9% screen-to-body ratio). PLATFORM OS Android 11, One U;data:image/png base64,iVBORw0KGgoAAAANSUhEUgAAAHgAAAB4CAQAAACTbf5ZAAAAiklEQVR42u3PMQEAAAwCoNm/9Cr4Cw3IjYmwsLCwsLCwsLCwsLCwsLCwsLCwsLCwsLCwsLCwsLCwsLCwsLCwsLCwsLCwsLCwsLCwsLCwsLCwsLCwsLCwsLCwsLCwsLCwsLCwsLCwsLCwsLCwsLCwsLCwsLCwsLCwsLCwsLCwsLCwsLCwsLCwsHDrASUpAHnJhbktAAAAAElFTkSuQmCC;Rp2.825.000;5;centralphone73
Samsung Galaxy A32 6/128 GB Garansi Resmi SEIN;Ready Stock *03 Desember 2021. . . SIM Single SIM (Nano-SIM) or Dual SIM (Nano-SIM, dual stand-by). Size 6.4 inches, 98.9 cm2 (~84.6% screen-to-body ratio). PLATFORM OS Android 11, One UI 3.1. Chipset Media;data:image/png base64,iVBORw0KGgoAAAANSUhEUgAAAHgAAAB4CAQAAACTbf5ZAAAAiklEQVR42u3PMQEAAAwCoNm/9Cr4Cw3IjYmwsLCwsLCwsLCwsLCwsLCwsLCwsLCwsLCwsLCwsLCwsLCwsLCwsLCwsLCwsLCwsLCwsLCwsLCwsLCwsLCwsLCwsLCwsLCwsLCwsLCwsLCwsLCwsLCwsLCwsLCwsLCwsLCwsLCwsLCwsLCwsLCwsHDrASUpAHnJhbktAAAAAElFTkSuQmCC;Rp3.419.000;5;Gudang-HP
Poco X3 Pro 6/128GB + 8/268GB Garansi Resmi;Baru dan segel,. Garansi resmi xiaomi indonesia,. IMEI terdaftar, service di gerai resmi... . . NETWORK Technology. GSM / HSPA / LTE. LAUNCH Announced 2021, March 22. Status Available. Released 2021, March 24;data:image/png base64,iVBORw0KGgoAAAANSUhEUgAAAHgAAAB4CAQAAACTbf5ZAAAAiklEQVR42u3PMQEAAAwCoNm/9Cr4Cw3IjYmwsLCwsLCwsLCwsLCwsLCwsLCwsLCwsLCwsLCwsLCwsLCwsLCwsLCwsLCwsLCwsLCwsLCwsLCwsLCwsLCwsLCwsLCwsLCwsLCwsLCwsLCwsLCwsLCwsLCwsLCwsLCwsLCwsLCwsLCwsLCwsLCwsHDrASUpAHnJhbktAAAAAElFTkSuQmCC;Rp3.435.000;5;duniagadgetku
Vivo V21 4G 8/128GB + 8/256GB Garansi Resmi Vivo Indonesia;Garansi Resmi Vivo Indonesia,. IMEI Terdaftar, Service di Gerai Resmi. Tentang Garansi. - Garansi akan otomatis aktif saat smartphone vivo dinyalakan dan terkoneksi internet.. . . NETWORK Technology. GSM / H;data:image/png base64,iVBORw0KGgoAAAANSUhEUgAAAHgAAAB4CAQAAACTbf5ZAAAAiklEQVR42u3PMQEAAAwCoNm/9Cr4Cw3IjYmwsLCwsLCwsLCwsLCwsLCwsLCwsLCwsLCwsLCwsLCwsLCwsLCwsLCwsLCwsLCwsLCwsLCwsLCwsLCwsLCwsLCwsLCwsLCwsLCwsLCwsLCwsLCwsLCwsLCwsLCwsLCwsLCwsLCwsLCwsLCwsLCwsHDrASUpAHnJhbktAAAAAElFTkSuQmCC;Rp3.575.000;5;duniagadgetku
SAMSUNG GALAXY M02 - 5000mAh Battery - 2GB 32GB 2/32 - Garansi Resmi;SAMSUNG GALAXY M02 2/32GB. . GARANSI RESMI SEIN SAMSUNG INDONESIA. IMEI TERDAFTAR DI WEBSITE KEMENPERIN. . WARNA TERSEDIA SESUAI VARIAN. - BIRU. - MERAH. . Spesifikasi :. . NETWORK Technology. GSM / HSPA / LTE. LA;data:image/png base64,iVBORw0KGgoAAAANSUhEUgAAAHgAAAB4CAQAAACTbf5ZAAAAiklEQVR42u3PMQEAAAwCoNm/9Cr4Cw3IjYmwsLCwsLCwsLCwsLCwsLCwsLCwsLCwsLCwsLCwsLCwsLCwsLCwsLCwsLCwsLCwsLCwsLCwsLCwsLCwsLCwsLCwsLCwsLCwsLCwsLCwsLCwsLCwsLCwsLCwsLCwsLCwsLCwsLCwsLCwsLCwsLCwsHDrASUpAHnJhbktAAAAAElFTkSuQmCC;Rp1.319.900;4.9;Shopyz ID
Nokia Feature Phone N-150 New 2020 Dual Sim Garansi Resmi;Garansi Resmi 1 Tahun. . BERIKUT SPESIFIKASINYA:. NETWORK Technology GSM. Type TFT, 65K colors. Size 2.4 inches,. Dimensions 132 x 50.5 x 15 mm (5.20 x 1.99 x 0.59 in). Weight 90.5 g (3.21 oz). SIM Dual SIM (;data:image/png base64,iVBORw0KGgoAAAANSUhEUgAAAHgAAAB4CAQAAACTbf5ZAAAAiklEQVR42u3PMQEAAAwCoNm/9Cr4Cw3IjYmwsLCwsLCwsLCwsLCwsLCwsLCwsLCwsLCwsLCwsLCwsLCwsLCwsLCwsLCwsLCwsLCwsLCwsLCwsLCwsLCwsLCwsLCwsLCwsLCwsLCwsLCwsLCwsLCwsLCwsLCwsLCwsLCwsLCwsLCwsLCwsLCwsHDrASUpAHnJhbktAAAAAElFTkSuQmCC;Rp425.000;5;Indokom Store
Infinix Hot 10S 6/128GB - Garansi Resmi Infinix Indonesia;Infinix Hot 10S ram 6/128 GB. Garansi Resmi Infinix Indonesia. . NETWORK Technology. GSM / HSPA / LTE. LAUNCH Announced 2021, April 21. Status Coming soon. Exp. release 2021, May 12. BODY Dimensions 171.5 x ;data:image/png base64,iVBORw0KGgoAAAANSUhEUgAAAHgAAAB4CAQAAACTbf5ZAAAAiklEQVR42u3PMQEAAAwCoNm/9Cr4Cw3IjYmwsLCwsLCwsLCwsLCwsLCwsLCwsLCwsLCwsLCwsLCwsLCwsLCwsLCwsLCwsLCwsLCwsLCwsLCwsLCwsLCwsLCwsLCwsLCwsLCwsLCwsLCwsLCwsLCwsLCwsLCwsLCwsLCwsLCwsLCwsLCwsLCwsHDrASUpAHnJhbktAAAAAElFTkSuQmCC;Rp2.055.000;4.9;Wahana Selular
oppo reno 5 marvel edition 8gb/128gb;null;data:image/png base64,iVBORw0KGgoAAAANSUhEUgAAAHgAAAB4CAQAAACTbf5ZAAAAiklEQVR42u3PMQEAAAwCoNm/9Cr4Cw3IjYmwsLCwsLCwsLCwsLCwsLCwsLCwsLCwsLCwsLCwsLCwsLCwsLCwsLCwsLCwsLCwsLCwsLCwsLCwsLCwsLCwsLCwsLCwsLCwsLCwsLCwsLCwsLCwsLCwsLCwsLCwsLCwsLCwsLCwsLCwsLCwsLCwsHDrASUpAHnJhbktAAAAAElFTkSuQmCC;Rp6.700.000;null;healthy-V
iPhone 11 64GB 128Gb 256Gb Bekas Fullset Second Mulus - Merah, 128 gb;iPhone 11 64GB 128GB 256GB Bekas Fullset Second mulus. . FREE TEMPERGLASS & SOFTCASE. . - Second Original Ex inter US. - Bukan rekondisi atau refurbished. - Full set / lengkap (Acc oem) acc tidak ada garans;data:image/png base64,iVBORw0KGgoAAAANSUhEUgAAAHgAAAB4CAQAAACTbf5ZAAAAiklEQVR42u3PMQEAAAwCoNm/9Cr4Cw3IjYmwsLCwsLCwsLCwsLCwsLCwsLCwsLCwsLCwsLCwsLCwsLCwsLCwsLCwsLCwsLCwsLCwsLCwsLCwsLCwsLCwsLCwsLCwsLCwsLCwsLCwsLCwsLCwsLCwsLCwsLCwsLCwsLCwsLCwsLCwsLCwsLCwsHDrASUpAHnJhbktAAAAAElFTkSuQmCC;Rp7.499.999;5;GNT
iphone x 256GB 64GB Second Fullset-All operator - NO Face id, 64 gb;Deskripsi Iphone X 64Gb Second Fullset. Deskripsi iPhone X 64GB Second Ex. Inter 98 99 % Mulus No Minus. iPhone X 64GB Second Ex. Inter 98 99 % Mulus No Minus. . BATRE UP 90++. KELENGKAPAN : LENGKAP. - DUS ;data:image/png base64,iVBORw0KGgoAAAANSUhEUgAAAHgAAAB4CAQAAACTbf5ZAAAAiklEQVR42u3PMQEAAAwCoNm/9Cr4Cw3IjYmwsLCwsLCwsLCwsLCwsLCwsLCwsLCwsLCwsLCwsLCwsLCwsLCwsLCwsLCwsLCwsLCwsLCwsLCwsLCwsLCwsLCwsLCwsLCwsLCwsLCwsLCwsLCwsLCwsLCwsLCwsLCwsLCwsLCwsLCwsLCwsLCwsHDrASUpAHnJhbktAAAAAElFTkSuQmCC;Rp4.200.000;4.9;oscar68
iPhone 13 PRO MAX 1TB/512GB/256GB/128GB Resmi Indonesia/Dual SIM Nano - 128 INTER, BLUE 1-SIM;VARIANT PILIHAN :. 1. Single Nano + eSIM = Hanya Bisa Pakai 1 SIM Nano Aktif Garansi Inter. 2. Dual Nano = Bisa Pakai 2 SIM Nano Aktif Garansi Inter. 3. Indonesia = 1 SIM Nano Aktif + eSIM Aktif Garansi ;data:image/png base64,iVBORw0KGgoAAAANSUhEUgAAAHgAAAB4CAQAAACTbf5ZAAAAiklEQVR42u3PMQEAAAwCoNm/9Cr4Cw3IjYmwsLCwsLCwsLCwsLCwsLCwsLCwsLCwsLCwsLCwsLCwsLCwsLCwsLCwsLCwsLCwsLCwsLCwsLCwsLCwsLCwsLCwsLCwsLCwsLCwsLCwsLCwsLCwsLCwsLCwsLCwsLCwsLCwsLCwsLCwsLCwsLCwsHDrASUpAHnJhbktAAAAAElFTkSuQmCC;Rp22.127.000;5;MacBox id
Apple iPhone 12 12 Mini 64GB 128GB 256GB Purple Garansi 1 Tahun - 12 64GB;KENAPA HARUS BELI SAMA Choco Apple?. 1. TRUSTED SELLER. bukan cuma seller musiman yang setelah barang jualannya laku trus menghilang entah kemana.. 2. BARANG DIJAMIN BRAND NEW IN BOX + SEGEL. 3. MENERIMA ;data:image/png base64,iVBORw0KGgoAAAANSUhEUgAAAHgAAAB4CAQAAACTbf5ZAAAAiklEQVR42u3PMQEAAAwCoNm/9Cr4Cw3IjYmwsLCwsLCwsLCwsLCwsLCwsLCwsLCwsLCwsLCwsLCwsLCwsLCwsLCwsLCwsLCwsLCwsLCwsLCwsLCwsLCwsLCwsLCwsLCwsLCwsLCwsLCwsLCwsLCwsLCwsLCwsLCwsLCwsLCwsLCwsLCwsLCwsHDrASUpAHnJhbktAAAAAElFTkSuQmCC;Rp11.600.000;4.8;chocoapple
Samsung Galaxy A32 8/128 GB Garansi Resmi SEIN;Ready Stock *27 November 2021. . . SIM Single SIM (Nano-SIM) or Dual SIM (Nano-SIM, dual stand-by). Size 6.4 inches, 98.9 cm2 (~84.6% screen-to-body ratio). PLATFORM OS Android 11, One UI 3.1. Chipset Media;data:image/png base64,iVBORw0KGgoAAAANSUhEUgAAAHgAAAB4CAQAAACTbf5ZAAAAiklEQVR42u3PMQEAAAwCoNm/9Cr4Cw3IjYmwsLCwsLCwsLCwsLCwsLCwsLCwsLCwsLCwsLCwsLCwsLCwsLCwsLCwsLCwsLCwsLCwsLCwsLCwsLCwsLCwsLCwsLCwsLCwsLCwsLCwsLCwsLCwsLCwsLCwsLCwsLCwsLCwsLCwsLCwsLCwsLCwsHDrASUpAHnJhbktAAAAAElFTkSuQmCC;Rp3.639.000;4.9;Gudang-HP
Xiaomi Redmi 9c 4/64 GB Garansi Resmi;Ready Stok *01 Desember 2021. . Kardus & Bubble Warp :. https://www.tokopedia.com/gudang-hp/kardus-bubble-extra-packing. . Anti Crack :. https://www.tokopedia.com/gudang-hp/tempered-glass-redmi-9c. . Size 6.5;data:image/png base64,iVBORw0KGgoAAAANSUhEUgAAAHgAAAB4CAQAAACTbf5ZAAAAiklEQVR42u3PMQEAAAwCoNm/9Cr4Cw3IjYmwsLCwsLCwsLCwsLCwsLCwsLCwsLCwsLCwsLCwsLCwsLCwsLCwsLCwsLCwsLCwsLCwsLCwsLCwsLCwsLCwsLCwsLCwsLCwsLCwsLCwsLCwsLCwsLCwsLCwsLCwsLCwsLCwsLCwsLCwsLCwsLCwsHDrASUpAHnJhbktAAAAAElFTkSuQmCC;Rp1.720.000;5;Gudang-HP
itel vision A26 (2/32) garansi resmi by infinix;Itel Vision A26 [32GB/2GB] - Garansi Resmi. . • LCD : 5.7 inches. • Batt mAh : Non-removable Li-Po 3020mAh battery. • Proccessor : Quad-Core, 1.4 GHz UniSoC SC9863A. • Rear Camera : 5MP+0.3MP. • Front Camer;data:image/png base64,iVBORw0KGgoAAAANSUhEUgAAAHgAAAB4CAQAAACTbf5ZAAAAiklEQVR42u3PMQEAAAwCoNm/9Cr4Cw3IjYmwsLCwsLCwsLCwsLCwsLCwsLCwsLCwsLCwsLCwsLCwsLCwsLCwsLCwsLCwsLCwsLCwsLCwsLCwsLCwsLCwsLCwsLCwsLCwsLCwsLCwsLCwsLCwsLCwsLCwsLCwsLCwsLCwsLCwsLCwsLCwsLCwsHDrASUpAHnJhbktAAAAAElFTkSuQmCC;Rp864.000;4.9;murahmeriah shop
XIAOMI REDMI 9A 3/32 GB , REDMI 9A 2/32 GB 100% ORI GARANSI RESMI;READY STOK XIAOMI REDMI 9A RAM 2GB 32 GB - 3GB 32 GB Garansi Resmi Xiaomi Indonesia. IMEI terdaftar. . 2GB 32GB ~ Ram 2 GB Internal 32 GB. 3GB 32 GB ~ Ram 3 GB Internal 32 GB. . NETWORK Technology. GSM / HSP;data:image/png base64,iVBORw0KGgoAAAANSUhEUgAAAHgAAAB4CAQAAACTbf5ZAAAAiklEQVR42u3PMQEAAAwCoNm/9Cr4Cw3IjYmwsLCwsLCwsLCwsLCwsLCwsLCwsLCwsLCwsLCwsLCwsLCwsLCwsLCwsLCwsLCwsLCwsLCwsLCwsLCwsLCwsLCwsLCwsLCwsLCwsLCwsLCwsLCwsLCwsLCwsLCwsLCwsLCwsLCwsLCwsLCwsLCwsHDrASUpAHnJhbktAAAAAElFTkSuQmCC;Rp1.325.000;5;STR-STORE
Samsung A12 6/128 RAM 6GB Internal 128GB Garansi Resmi SEIN;Garansi Resmi Samsung Indonesia. . Resmi IMEI sudah terdaftar. Check imei : https://www.kemenperin.go.id/imei/. Jadi saat hp diaktifkan / dipakai otomatis GARANSI Berlaku. . Note : Sebelum kirim , Barang ka;data:image/png base64,iVBORw0KGgoAAAANSUhEUgAAAHgAAAB4CAQAAACTbf5ZAAAAiklEQVR42u3PMQEAAAwCoNm/9Cr4Cw3IjYmwsLCwsLCwsLCwsLCwsLCwsLCwsLCwsLCwsLCwsLCwsLCwsLCwsLCwsLCwsLCwsLCwsLCwsLCwsLCwsLCwsLCwsLCwsLCwsLCwsLCwsLCwsLCwsLCwsLCwsLCwsLCwsLCwsLCwsLCwsLCwsLCwsHDrASUpAHnJhbktAAAAAElFTkSuQmCC;Rp2.371.000;5;SFONE OMNI STORE
Samsung Galaxy A52 8/128Gb | 8/256Gb - Grs resmi Sein;Samsung Galaxy A52 4G. Varian 8/128Gb dan 8/256Gb. Imei Terdaftar. Garansi resmi Samsung 1thn. Ready Awesome Black, White, Violet. Pilih sesuai varian dan warna. . NETWORKTechnologyGSM / HSPA / LTE / 2G band;data:image/png base64,iVBORw0KGgoAAAANSUhEUgAAAHgAAAB4CAQAAACTbf5ZAAAAiklEQVR42u3PMQEAAAwCoNm/9Cr4Cw3IjYmwsLCwsLCwsLCwsLCwsLCwsLCwsLCwsLCwsLCwsLCwsLCwsLCwsLCwsLCwsLCwsLCwsLCwsLCwsLCwsLCwsLCwsLCwsLCwsLCwsLCwsLCwsLCwsLCwsLCwsLCwsLCwsLCwsLCwsLCwsLCwsLCwsHDrASUpAHnJhbktAAAAAElFTkSuQmCC;Rp4.699.000;5;Pluto sellular
Samsung Galaxy A32 5G RAM 8 ROM 128 8GB 128GB Smartphone Resmi SEIN;SIM: Single SIM or Hybrid Dual SIM. . Display. Size: 6.5 inches, 102.0 cm2 (~81.6% screen-to-body ratio). Resolution: 720 x 1600 pixels, 20:9 ratio (~270 ppi density). . OS: Android 11, One UI 3.0. . RAM : 8G;data:image/png base64,iVBORw0KGgoAAAANSUhEUgAAAHgAAAB4CAQAAACTbf5ZAAAAiklEQVR42u3PMQEAAAwCoNm/9Cr4Cw3IjYmwsLCwsLCwsLCwsLCwsLCwsLCwsLCwsLCwsLCwsLCwsLCwsLCwsLCwsLCwsLCwsLCwsLCwsLCwsLCwsLCwsLCwsLCwsLCwsLCwsLCwsLCwsLCwsLCwsLCwsLCwsLCwsLCwsLCwsLCwsLCwsLCwsHDrASUpAHnJhbktAAAAAElFTkSuQmCC;Rp3.840.000;4.9;SUPER_GADGET
Samsung Galaxy A52 8/128 8/256 GB Kamera 4K RAM 8 ROM 128 256 Resmi;Resolusi Layar 1080 x 2400 pixels. . Qualcomm SM7225 Snapdragon 720G (8 nm). . Android 11. . One UI 3.0. 8GB / 128GB / 256GB. . microSDXC. . Kamera Belakang. Resolusi. 64 MP, f/2.0, 26mm (wide), 1/2.0″, 0.8µm, PDA;data:image/png base64,iVBORw0KGgoAAAANSUhEUgAAAHgAAAB4CAQAAACTbf5ZAAAAiklEQVR42u3PMQEAAAwCoNm/9Cr4Cw3IjYmwsLCwsLCwsLCwsLCwsLCwsLCwsLCwsLCwsLCwsLCwsLCwsLCwsLCwsLCwsLCwsLCwsLCwsLCwsLCwsLCwsLCwsLCwsLCwsLCwsLCwsLCwsLCwsLCwsLCwsLCwsLCwsLCwsLCwsLCwsLCwsLCwsHDrASUpAHnJhbktAAAAAElFTkSuQmCC;Rp4.999.000;4.9;SUPER_GADGET
Infinix Note 10 Pro 8/128 GB - Garansi Resmi;sudah support NFC. SIM Dual SIM (Nano-SIM, dual stand-by). Size 6.95 inches. PLATFORM OS Android 11, XOS 7.6. Chipset Mediatek Helio G95 (12 nm). CPU Octa-core (2x2.05 GHz Cortex-A76 & 6x2.0 GHz Cortex-A55;data:image/png base64,iVBORw0KGgoAAAANSUhEUgAAAHgAAAB4CAQAAACTbf5ZAAAAiklEQVR42u3PMQEAAAwCoNm/9Cr4Cw3IjYmwsLCwsLCwsLCwsLCwsLCwsLCwsLCwsLCwsLCwsLCwsLCwsLCwsLCwsLCwsLCwsLCwsLCwsLCwsLCwsLCwsLCwsLCwsLCwsLCwsLCwsLCwsLCwsLCwsLCwsLCwsLCwsLCwsLCwsLCwsLCwsLCwsHDrASUpAHnJhbktAAAAAElFTkSuQmCC;Rp2.778.000;4.9;Wahana Selular
Infinix Hot 10S 6/128GB – Helio G85 – 6.000 mAh – 48MP Camera;Dimensi 171.5*77.5*9.2mm. 90Hz 6.82” HD+ Ultra Smooth Display. Mediatek Helio G85 Excellent Gaming Perfomance. Baterai 6.000mAh Power Marathon Tech Non-stop Playing. Dar-link Ultimate Game Booster. 128GB R;data:image/png base64,iVBORw0KGgoAAAANSUhEUgAAAHgAAAB4CAQAAACTbf5ZAAAAiklEQVR42u3PMQEAAAwCoNm/9Cr4Cw3IjYmwsLCwsLCwsLCwsLCwsLCwsLCwsLCwsLCwsLCwsLCwsLCwsLCwsLCwsLCwsLCwsLCwsLCwsLCwsLCwsLCwsLCwsLCwsLCwsLCwsLCwsLCwsLCwsLCwsLCwsLCwsLCwsLCwsLCwsLCwsLCwsLCwsHDrASUpAHnJhbktAAAAAElFTkSuQmCC;Rp2.074.000;4.9;Infinix Official Store
XIAOMI POCOPHONE POCO M3 - 6GB 128GB - 6/128 GARANSI RESMI;XIAOMI POCOPHONE POCO M3 6/128GB. . GARANSI RESMI XIAOMI INDONESIA. IMEI TERDAFTAR DI WEBSITE KEMENPERIN. . WARNA TERSEDIA SESUAI VARIAN. - Power Black. - Cool Blue. - POCO Yellow. . Spesifikasi :. . NETWORK Tech;https://images.tokopedia.net/img/cache/200-square/VqbcmM/2021/1/25/15e17507-4741-4c54-a282-0511d112e02f.jpg.webp?ect=4g;Rp2.349.900;5;Shopyz ID
Samsung Galaxy A32 6/128Gb | 8/128Gb - Grs resmi Sein;Samsung Galaxy A32 4G. Varian 6/128 Gb dan 8/128Gb. Imei Terdaftar. Garansi resmi Samsung 1thn. Ready Awesome Black, white, Blue, Violet. Pilih sesuai varian dan ram. . NETWORKTechnologyGSM / HSPA / LTE2G ba;https://images.tokopedia.net/img/cache/200-square/VqbcmM/2021/3/18/a40d7844-7dff-4a83-9a8e-1b90162532b8.jpg.webp?ect=4g;Rp3.430.000;5;Pluto sellular
Samsung Galaxy A03S [4G] [64GB/4GB] - Garansi Resmi;Samsung Galaxy A03S [4G] [64GB/4GB] - Garansi Resmi. . • LCD : 6.5" full rectangle. • Batt mAh : 5000 mAh. • Proccessor : -. • Rear Camera : 13MP+2MP+2MP. • Front Camera : 5MP. . Spec :. Jaringan : 4G/3G/2G. Si;https://images.tokopedia.net/img/cache/200-square/VqbcmM/2021/9/7/c581c0d6-6def-454e-a6c0-325a993f92f6.png.webp?ect=4g;Rp1.746.000;4.9;ACS
IPhone 12 Mini Garansi Resmi Ibox;Green Peel. New Product. Garansi Resmi Apple indonesia. . Product Air Pods pro Garansi Resmi. mungkin anda menyukainya. https://tokopedia.link/iDujiVpqWab. . - Prodak Garansi 364 Hari. ( Tidak Sampai Setahun );https://images.tokopedia.net/img/cache/200-square/VqbcmM/2021/11/2/1bdbd918-e808-40b1-84cb-b8fc89948065.png.webp?ect=4g;Rp10.249.000;5;PT Pratama Sntra Semesta
Xiaomi Poco M3 6/128GB 6GB 128GB Garansi Resmi;NETWORK Technology. GSM / HSPA / LTE. LAUNCH Announced 2020, November 24. Status Available. Released 2020, November 27. BODY Dimensions 162.3 x 77.3 x 9.6 mm (6.39 x 3.04 x 0.38 in). Weight 198 g (6.98 oz);https://images.tokopedia.net/img/cache/200-square/VqbcmM/2021/1/28/eba34146-3168-4946-a981-a3c3cfd61d41.jpg.webp?ect=4g;Rp2.349.000;5;Garasi.ku
Samsung Galaxy A22 4G LTE [6 GB/ 128 GB] SEIN;Samsung Galaxy A22 LTE merupakan handphone HP dengan kapasitas 5000mAh dan layar. 6.4" yang dilengkapi dengan kamera belakang 48 (OIS) + 8MP + 2MP + 2MP dan. kamera depan 13MP, handphone HP ini memiliki;https://images.tokopedia.net/img/cache/200-square/VqbcmM/2021/7/6/f767e9f7-24c8-43f7-b70d-e4147ecc1185.jpg.webp?ect=4g;Rp2.870.000;4.9;jikalaku
Samsung A12 4GB+128GB 6GB+128GB Garansi Resmi Samsung;Samsung A12 6GB+64GB 6GB+128GB Garansi Resmi Samsung. . Penting. - Garansi Resmi. - Imei Terdaftar di Kemenprin. . Kelengkapan. - Handphone. - Charger. - Kabel usb. . Spec lengkap. BODY Dimensions 164 x 75.8 x 8.;https://images.tokopedia.net/img/cache/200-square/VqbcmM/2021/7/26/95d342f6-2faa-4837-a0b6-7ad7d4e602ab.jpg.webp?ect=4g;Rp2.165.000;4.9;36shop
XIAOMI REDMI 9C RAM 4 64 GARANSI RESMI;GARANSI RESMI XIAOMI INDONESIA,IMEI TERDAFTAR. . MOHON CHAT DULU SEBELUM PEMBAYARAN. . UNTUK BONUS ACCESORIES,BISA PILIH DI VARIAN GIFT(UTK NON GIFT=TANPA BONUS ACCESORIES/STANDARD DLM BOXNYA). . PERMINTAAN;https://images.tokopedia.net/img/cache/200-square/VqbcmM/2021/7/9/16ddf70c-c29a-49ab-a659-3c92d809a3e1.jpg.webp?ect=4g;Rp1.769.000;5;Bintang Terang Cell
XIAOMI POCO F3 5G 8/256 GB , POCO F3 6/128 GB ORIGINAL GARANSI RESMI;. STR STORE READY STOCK. 100% ORIGINAL. 100% NEW. 100% GARANSI RESMI. . NETWORK. TechnologyGSM / HSPA / LTE / 5G. . BODY. Dimensions163.7 x 76.4 x 7.8 mm (6.44 x 3.01 x 0.31 in). Weight196 g (6.91 oz). BuildGlass;https://images.tokopedia.net/img/cache/200-square/VqbcmM/2021/4/28/906eaed1-343e-4c2e-8496-1c8b40a56f2a.png.webp?ect=4g;Rp4.775.000;5;STR-STORE
Xiaomi Poco M3 Pro 5G 4/64GB + 6/128GB Garansi Resmi;Baru dan Segel,. Garansi Resmi , IMEI Terdaftar... . . NETWORK Technology. GSM / HSPA / LTE / 5G. LAUNCH Announced 2021, May 19. Status Available. Released 2021, May 22. BODY Dimensions 161.8 x 75.3 x 8.9 mm ;https://images.tokopedia.net/img/cache/200-square/VqbcmM/2021/6/30/82315e33-e4f4-496a-8f3d-5483bc21c98e.jpg.webp?ect=4g;Rp2.675.000;5;duniagadgetku
SAMSUNG GALAXY M12 - 5000mAh Battery - 4GB 64GB 4/64 - Garansi Resmi;SAMSUNG GALAXY M12 4/64GB. . GARANSI RESMI SEIN SAMSUNG INDONESIA. IMEI TERDAFTAR DI WEBSITE KEMENPERIN. . WARNA TERSEDIA SESUAI VARIAN. - HITAM. - BIRU. - HIJAU. . Spesifikasi :. . NETWORK Technology. GSM / HSPA ;https://images.tokopedia.net/img/cache/200-square/VqbcmM/2021/5/5/a654e2e6-086f-4d79-897f-d063a9626f52.jpg.webp?ect=4g;Rp1.899.900;4.9;Shopyz ID
Samsung A12 4/128 RAM 4GB Internal 128GB Garansi Resmi SEIN;Garansi Resmi Samsung Indonesia. . Resmi IMEI sudah terdaftar. Check imei : https://www.kemenperin.go.id/imei/. Jadi saat hp diaktifkan / dipakai otomatis GARANSI Berlaku. . Note : Sebelum kirim kami buka s;https://images.tokopedia.net/img/cache/200-square/VqbcmM/2021/9/2/14ca8da9-523d-4784-a208-2b1c4bad42ba.jpg.webp?ect=4g;Rp2.152.000;4.9;SFONE OMNI STORE
SAMSUNG GALAXY M32 - NFC - 5000mAh - 8GB 128GB 8/128 - Garansi Resmi;SAMSUNG GALAXY M32 8/128GB. . GARANSI RESMI SEIN SAMSUNG INDONESIA. IMEI TERDAFTAR DI WEBSITE KEMENPERIN. . WARNA TERSEDIA SESUAI VARIAN. - HITAM. - BIRU. - PUTIH. . Spesifikasi :. . NETWORK Technology. GSM / HSPA;https://images.tokopedia.net/img/cache/200-square/VqbcmM/2021/7/29/96748ddc-68de-423e-b34b-78818ea0b715.jpg.webp?ect=4g;Rp3.299.900;5;Shopyz ID
ASUS ROG PHONE 5 8/128GB 12/256GB GARANSI RESMI ASUS INDONESIA;. . ASUS ROG PHONE 5 8/128GB. . ☑️GARANSI RESMI ASUS INDONESIA. . ☑️IMEI TERDAFTAR RESMI KEMENPERIN. . ☑️READY.. SIAP DIKIRIM..... . . . SPESIFIKASI:. . ASUS ROG PHONE 5 8G/128G. . • Processor : 2.84 GHz Qualcomm® Sn;https://images.tokopedia.net/img/cache/200-square/VqbcmM/2021/11/12/5472f765-7c37-4c71-8b79-eee1ca468bde.jpg.webp?ect=4g;Rp8.475.000;5;centralphone73
Samsung Galaxy A03s 4/64Gb - Grs resmi Sein;A03s 4/64Gb. Imei Terdaftar. Garansi resmi Samsung 1thn. Ready Hitam , Biru dan Putih. . LayarLCD 6,5 inci (720 x 1.600 piksel) Infinity-V display, resolusi HD Plus, aspek rasio 20:9Dimensi164,2 x 76 x 9,1;https://images.tokopedia.net/img/cache/200-square/VqbcmM/2021/9/7/a4e26bad-dab6-4fbb-a02c-209c9a7da1c3.jpg.webp?ect=4g;Rp1.749.000;5;Pluto sellular
NOKIA 5310 (2020) GARANSI RESMI;NOKIA 5310 (2020) GARANSI RESMI TAM ( SATU TAHUN RUSAK DI GANTI BARU ). . . Network Technology. GSM. Launch Announced 2020, March 19. Status Available. Released 2020, April 02. Body Dimensions 123.7 x 52.4 x;data:image/png base64,iVBORw0KGgoAAAANSUhEUgAAAHgAAAB4CAQAAACTbf5ZAAAAiklEQVR42u3PMQEAAAwCoNm/9Cr4Cw3IjYmwsLCwsLCwsLCwsLCwsLCwsLCwsLCwsLCwsLCwsLCwsLCwsLCwsLCwsLCwsLCwsLCwsLCwsLCwsLCwsLCwsLCwsLCwsLCwsLCwsLCwsLCwsLCwsLCwsLCwsLCwsLCwsLCwsLCwsLCwsLCwsLCwsHDrASUpAHnJhbktAAAAAElFTkSuQmCC;Rp481.000;5;Garden Cell Official
XIAOMI REDMI NOTE 10S 8/128 GB REDMI NOTE 10S 6/64 GB GARANSI RESMI;STR STORE. 100% ORIGINAL. 100% GARANSI RESMI. 100% BARU. Imei Terdaftar Kemenprin. . Processor Mediatek Helio G95 (12 nm). OS: Android 11, MIUI 12.5. Layar 6.43" Super AMOLED FHD+ 1080 x 2400 pixels, 20:9 rat;data:image/png base64,iVBORw0KGgoAAAANSUhEUgAAAHgAAAB4CAQAAACTbf5ZAAAAiklEQVR42u3PMQEAAAwCoNm/9Cr4Cw3IjYmwsLCwsLCwsLCwsLCwsLCwsLCwsLCwsLCwsLCwsLCwsLCwsLCwsLCwsLCwsLCwsLCwsLCwsLCwsLCwsLCwsLCwsLCwsLCwsLCwsLCwsLCwsLCwsLCwsLCwsLCwsLCwsLCwsLCwsLCwsLCwsLCwsHDrASUpAHnJhbktAAAAAElFTkSuQmCC;Rp2.685.000;4.9;STR-STORE
SAMSUNG GALAXY M62 8/256 GB SAMSUNG M62 8/256 GB GARANSI RESMI SEIN;New, Segel, Garansi Resmi SEIN.. . SAMSUNG GALAXY M62. RAM 8 GB ROM 256 GB. Processor Exynos 9825 (7 nm). Android 11; One UI 3.1. Layar 6,7" Super AMOLED Plus 1080 x 2400 pixels w/Gorilla Glass, 20:9 ratio ;data:image/png base64,iVBORw0KGgoAAAANSUhEUgAAAHgAAAB4CAQAAACTbf5ZAAAAiklEQVR42u3PMQEAAAwCoNm/9Cr4Cw3IjYmwsLCwsLCwsLCwsLCwsLCwsLCwsLCwsLCwsLCwsLCwsLCwsLCwsLCwsLCwsLCwsLCwsLCwsLCwsLCwsLCwsLCwsLCwsLCwsLCwsLCwsLCwsLCwsLCwsLCwsLCwsLCwsLCwsLCwsLCwsLCwsLCwsHDrASUpAHnJhbktAAAAAElFTkSuQmCC;Rp4.700.000;5;STR-STORE
Evercoss M6A 4/32 Ram 4GB Internal 32GB Garansi Resmi;Deskripsi EVERCOSS M6A 4/32GB dan 3/16GB 100% ORIGINAL GARANSI RESMI 1 TAHUN. . Silahkan dipilih sesuai varian. . . 100% Garansi Resmi 1 tahun. 100% Baru dan Original. . Layar 6.088 inch water drop screeen. Oc;data:image/png base64,iVBORw0KGgoAAAANSUhEUgAAAHgAAAB4CAQAAACTbf5ZAAAAiklEQVR42u3PMQEAAAwCoNm/9Cr4Cw3IjYmwsLCwsLCwsLCwsLCwsLCwsLCwsLCwsLCwsLCwsLCwsLCwsLCwsLCwsLCwsLCwsLCwsLCwsLCwsLCwsLCwsLCwsLCwsLCwsLCwsLCwsLCwsLCwsLCwsLCwsLCwsLCwsLCwsLCwsLCwsLCwsLCwsHDrASUpAHnJhbktAAAAAElFTkSuQmCC;Rp875.000;4.9;dk-cell
Samsung Galaxy A32 6/128 RAM 6GB 128GB Garansi Resmi Samsung Indonesia;Garansi Resmi Samsung Indonesia. . Resmi IMEI sudah terdaftar. Check imei : https://www.kemenperin.go.id/imei/. Jadi saat hp diaktifkan / dipakai otomatis GARANSI Berlaku. . Note : Sebelum kirim , Barang ka;data:image/png base64,iVBORw0KGgoAAAANSUhEUgAAAHgAAAB4CAQAAACTbf5ZAAAAiklEQVR42u3PMQEAAAwCoNm/9Cr4Cw3IjYmwsLCwsLCwsLCwsLCwsLCwsLCwsLCwsLCwsLCwsLCwsLCwsLCwsLCwsLCwsLCwsLCwsLCwsLCwsLCwsLCwsLCwsLCwsLCwsLCwsLCwsLCwsLCwsLCwsLCwsLCwsLCwsLCwsLCwsLCwsLCwsLCwsHDrASUpAHnJhbktAAAAAElFTkSuQmCC;Rp3.431.000;4.9;SFONE OMNI STORE
Original 100% Apple iPhone XR 64GB 128GB New Inter FU Garansi 1 Tahun - Yellow, 1SIM 64GB;Ready Stock !. Apple iPhone XR 1SIM dan 2SIM Original New Inter Garansi Toko 1 Tahun. * 64GB Yellow , Black , White , Red , Blue , Coral ( Ready ). * 128GB Yellow , Black , White , Red , Blue , Coral ( R;data:image/png base64,iVBORw0KGgoAAAANSUhEUgAAAHgAAAB4CAQAAACTbf5ZAAAAiklEQVR42u3PMQEAAAwCoNm/9Cr4Cw3IjYmwsLCwsLCwsLCwsLCwsLCwsLCwsLCwsLCwsLCwsLCwsLCwsLCwsLCwsLCwsLCwsLCwsLCwsLCwsLCwsLCwsLCwsLCwsLCwsLCwsLCwsLCwsLCwsLCwsLCwsLCwsLCwsLCwsLCwsLCwsLCwsLCwsHDrASUpAHnJhbktAAAAAElFTkSuQmCC;Rp5.749.000;4.9;Republic Apple
IPHONE X 64GB 64 GARANSI 1 TAHUN TERMURAH BLACK WHITE GREY SILVER - Hitam, SEMUA KARTU;BISA SEMUA KARTU OPERATOR INDONESIA dan LUAR NEGERI. . ( FREE TEMPERED GLASS + SOFTCASE TRANSPARAN + STICKER APPLE ). . GRATIS 1 buah AIRPODS PRO Gen 3 untuk pembelian 5 Unit sekaligus. GRATIS 2 buah AIRPO;data:image/png base64,iVBORw0KGgoAAAANSUhEUgAAAHgAAAB4CAQAAACTbf5ZAAAAiklEQVR42u3PMQEAAAwCoNm/9Cr4Cw3IjYmwsLCwsLCwsLCwsLCwsLCwsLCwsLCwsLCwsLCwsLCwsLCwsLCwsLCwsLCwsLCwsLCwsLCwsLCwsLCwsLCwsLCwsLCwsLCwsLCwsLCwsLCwsLCwsLCwsLCwsLCwsLCwsLCwsLCwsLCwsLCwsLCwsHDrASUpAHnJhbktAAAAAElFTkSuQmCC;Rp5.349.000;4.9;Number-One
XIAOMI POCO M3 6/128GB 6.53 FHD+48MP QUAD CAMERA 6000MAH GARANSI RESMI - Kuning;null;data:image/png base64,iVBORw0KGgoAAAANSUhEUgAAAHgAAAB4CAQAAACTbf5ZAAAAiklEQVR42u3PMQEAAAwCoNm/9Cr4Cw3IjYmwsLCwsLCwsLCwsLCwsLCwsLCwsLCwsLCwsLCwsLCwsLCwsLCwsLCwsLCwsLCwsLCwsLCwsLCwsLCwsLCwsLCwsLCwsLCwsLCwsLCwsLCwsLCwsLCwsLCwsLCwsLCwsLCwsLCwsLCwsLCwsLCwsHDrASUpAHnJhbktAAAAAElFTkSuQmCC;Rp2.370.000;null;Sunjaya online
Handphone Samsung S20 FE 8/128 8/256 GB RAM 8 ROM 128 256GB HP Garansi - Orange, 8/128GB;Spesifikasi Produk :. . Display Type. Super AMOLED capacitive touchscreen. . Size. 6.5 inches, 102.0 cm2. . Resolution. 1080 x 2400 pixels, 20:9 ratio. . Display Colors. 16M colors. . Pixel Density. 405 ppi density. ;data:image/png base64,iVBORw0KGgoAAAANSUhEUgAAAHgAAAB4CAQAAACTbf5ZAAAAiklEQVR42u3PMQEAAAwCoNm/9Cr4Cw3IjYmwsLCwsLCwsLCwsLCwsLCwsLCwsLCwsLCwsLCwsLCwsLCwsLCwsLCwsLCwsLCwsLCwsLCwsLCwsLCwsLCwsLCwsLCwsLCwsLCwsLCwsLCwsLCwsLCwsLCwsLCwsLCwsLCwsLCwsLCwsLCwsLCwsHDrASUpAHnJhbktAAAAAElFTkSuQmCC;Rp6.575.000;5;artic
NEW APPLE IPHONE 8 64GB ORIGINAL FU GSM GARANSI 1 TAHUN - Silver;( FREE SOFTCASE, TEMPERED GLASS, STICKER APPLE DAN SAMBUNGAN CHARGER ). . Poin-poin fitur. • Layar Retina HD LCD 4,7 inci. • Tahan cipratan air dan debu. • Kamera Wide 12 MP tunggal dengan Auto HDR dan vid;data:image/png base64,iVBORw0KGgoAAAANSUhEUgAAAHgAAAB4CAQAAACTbf5ZAAAAiklEQVR42u3PMQEAAAwCoNm/9Cr4Cw3IjYmwsLCwsLCwsLCwsLCwsLCwsLCwsLCwsLCwsLCwsLCwsLCwsLCwsLCwsLCwsLCwsLCwsLCwsLCwsLCwsLCwsLCwsLCwsLCwsLCwsLCwsLCwsLCwsLCwsLCwsLCwsLCwsLCwsLCwsLCwsLCwsLCwsHDrASUpAHnJhbktAAAAAElFTkSuQmCC;Rp3.350.000;4.9;apple iphone trusted seller
Xiaomi Redmi Note 10S 6/128G NFC Layar 6.43” Super AMOLED Smart HP - Onyx Gray;Xiaomi Redmi Note 10S. . warranty ：15months. . Spesifikasi Produk:. . Penyimpanan & RAM. 6GB + 64GB | 6GB+ 128GB | 8GB + 128GB. LPDDR4X + UFS 2.2. . Dimensi. Tinggi: 160,46mm. Lebar: 74,5mm. Ketebalan: 8,29mm. Bera;data:image/png base64,iVBORw0KGgoAAAANSUhEUgAAAHgAAAB4CAQAAACTbf5ZAAAAiklEQVR42u3PMQEAAAwCoNm/9Cr4Cw3IjYmwsLCwsLCwsLCwsLCwsLCwsLCwsLCwsLCwsLCwsLCwsLCwsLCwsLCwsLCwsLCwsLCwsLCwsLCwsLCwsLCwsLCwsLCwsLCwsLCwsLCwsLCwsLCwsLCwsLCwsLCwsLCwsLCwsLCwsLCwsLCwsLCwsHDrASUpAHnJhbktAAAAAElFTkSuQmCC;Rp 2.899.000;4.9;Xiaomi Official Store
Nokia 105 King (2019) Garansi Resmi TAM - Hitam;NETWORK Technology. GSM. 2G bands GSM 900 / 1800 - SIM1 & SIM2 (dual-SIM model only). GPRS No. EDGE No. LAUNCH. . BODY Dimensions. 119 x 49.2 x 14.4 mm (4.69 x 1.94 x 0.57 in). Weight 73 g (2.57 oz). . SIM. Dual ;data:image/png base64,iVBORw0KGgoAAAANSUhEUgAAAHgAAAB4CAQAAACTbf5ZAAAAiklEQVR42u3PMQEAAAwCoNm/9Cr4Cw3IjYmwsLCwsLCwsLCwsLCwsLCwsLCwsLCwsLCwsLCwsLCwsLCwsLCwsLCwsLCwsLCwsLCwsLCwsLCwsLCwsLCwsLCwsLCwsLCwsLCwsLCwsLCwsLCwsLCwsLCwsLCwsLCwsLCwsLCwsLCwsLCwsLCwsHDrASUpAHnJhbktAAAAAElFTkSuQmCC;Rp 226.000;4.9;Senjaya Selindo
Apple iPhone 8 64gb Second mulus ex internasional,fullset;DIBACA DAHULU YA GAN SEBELUM MEMBELI ^_^. . stok warna silahkan chat. . Type Iphone 8 64gb Second Mulus. Ex internasional USA. Garansi Mesin 1 bulan. Semua cashing original 100% apple. Belum pernah bongkar/re;data:image/png base64,iVBORw0KGgoAAAANSUhEUgAAAHgAAAB4CAQAAACTbf5ZAAAAiklEQVR42u3PMQEAAAwCoNm/9Cr4Cw3IjYmwsLCwsLCwsLCwsLCwsLCwsLCwsLCwsLCwsLCwsLCwsLCwsLCwsLCwsLCwsLCwsLCwsLCwsLCwsLCwsLCwsLCwsLCwsLCwsLCwsLCwsLCwsLCwsLCwsLCwsLCwsLCwsLCwsLCwsLCwsLCwsLCwsHDrASUpAHnJhbktAAAAAElFTkSuQmCC;Rp 2.870.000;4.9;cellularline168
infinix hot 10 play 4/64;Ready Infinix hot 10 play 4/64. Garansi resmi !!!. . silahkan diorder boskuhh!!!;data:image/png base64,iVBORw0KGgoAAAANSUhEUgAAAHgAAAB4CAQAAACTbf5ZAAAAiklEQVR42u3PMQEAAAwCoNm/9Cr4Cw3IjYmwsLCwsLCwsLCwsLCwsLCwsLCwsLCwsLCwsLCwsLCwsLCwsLCwsLCwsLCwsLCwsLCwsLCwsLCwsLCwsLCwsLCwsLCwsLCwsLCwsLCwsLCwsLCwsLCwsLCwsLCwsLCwsLCwsLCwsLCwsLCwsLCwsHDrASUpAHnJhbktAAAAAElFTkSuQmCC;Rp 1.554.000;5;BRjaya007
Infinix Hot 10 play 4/64 gb Garansi Resmi;ready stok. no repack. garansi resmi. silahkan diorder. terima kasih;data:image/png base64,iVBORw0KGgoAAAANSUhEUgAAAHgAAAB4CAQAAACTbf5ZAAAAiklEQVR42u3PMQEAAAwCoNm/9Cr4Cw3IjYmwsLCwsLCwsLCwsLCwsLCwsLCwsLCwsLCwsLCwsLCwsLCwsLCwsLCwsLCwsLCwsLCwsLCwsLCwsLCwsLCwsLCwsLCwsLCwsLCwsLCwsLCwsLCwsLCwsLCwsLCwsLCwsLCwsLCwsLCwsLCwsLCwsHDrASUpAHnJhbktAAAAAElFTkSuQmCC;Rp 1.552.000;5;Enter Ponsel
iphone xr 64 gb fullsett - GRADE C, BATANGAN;Keterangan. Barang mulus seperti baru. Jangan lupa chek deskripsi di bawah:. . penilaian fisik. - GRADE A = fisik 95 sd 98%. - GRADE B = fisik 90 sd 95%. - GRADE C = FISIK 85 SD 90 %. Untuk grade b dan c bs f;https://images.tokopedia.net/img/cache/200-square/VqbcmM/2021/3/22/b74de0ca-acec-4f4d-9a94-1ed74a40bb2b.jpg.webp?ect=4g;Rp4.620.000;4.9;NEW JAYA STORE
SAMSUNG Galaxy S10 Second Original Mulus - Hitam, S10 8+128GB;Spesifikasi Samsung Galaxy S10 128GB Original Fullset Mulus. - Fullset 100%. - Ram 8 GB. - Internal 128 GB. - USB TYPE C. - Jaringan 4G LTE ( All Operator ). - Layar 6.1 inches. - 3 Camera belakang 12 MP, 16;https://images.tokopedia.net/img/cache/200-square/VqbcmM/2021/9/21/ed38bc06-0181-4a68-8dae-67f5c5fd967d.jpg.webp?ect=4g;Rp4.380.000;5;oscar68
Apple iPhone 13 Pro Max Promax 128GB 256GB 512GB 1TB 128 256 512 1 TB - 128GB, GOLD;KENAPA HARUS BELI SAMA Choco Apple?. 1. TRUSTED SELLER. bukan cuma seller musiman yang setelah barang jualannya laku trus menghilang entah kemana.. 2. BARANG DIJAMIN BRAND NEW IN BOX + SEGEL. 3. MENERIMA ;https://images.tokopedia.net/img/cache/200-square/VqbcmM/2021/9/16/70ce927c-11bb-4872-a5d8-477314637831.jpg.webp?ect=4g;Rp20.950.000;5;chocoapple
Original 100% Apple iPhone XS Max 64GB 128GB 256GB New Garansi 1 Tahun - Space Gray, 64 gb;Ready Stock !. Apple iPhone XS Max Original New Inter Garansi Toko 1 Tahun. * 64GB Space Gray , Silver , Gold ( Ready ). * 256GB Space Gray , Silver , Gold ( Ready ). . 1 Tahun garansi. * Gratis service. * G;https://images.tokopedia.net/img/cache/200-square/VqbcmM/2021/12/4/98829e0c-8cf2-4017-90d7-2d6cbee2bda5.jpg.webp?ect=4g;Rp7.599.000;4.9;Republic Apple
iPhone 12 PRO 128Gb 256Gb 512Gb Bekas Fullset Second Mulus - Putih, 128 gb;iPhone 12 PRO 64GB 128Gb 256Gb Bekas Fullset Second Mulus. . FREE TEMPERGLASS. . - Second Original Ex inter US. - Bukan rekondisi atau refurbished. - Full set / lengkap (Acc oem) acc tidak ada garansi. - Kon;https://images.tokopedia.net/img/cache/200-square/VqbcmM/2021/11/26/27dd3a92-86e2-4a85-99ee-83618e5b4640.jpg.webp?ect=4g;Rp12.700.000;5;GNT
Samsung Galaxy A22 LTE 6/128 RAM 6GB Internal 128GB Garansi Resmi SEIN;Garansi Resmi Samsung Indonesia. . Resmi IMEI sudah terdaftar. Check imei : https://www.kemenperin.go.id/imei/. Jadi saat hp diaktifkan / dipakai otomatis GARANSI Berlaku. . Note : Sebelum kirim kami buka s;https://images.tokopedia.net/img/cache/200-square/VqbcmM/2021/9/1/64599191-7c59-4e5d-b545-8eec8b39dffe.jpg.webp?ect=4g;Rp2.835.000;4.9;SFONE OMNI STORE
Samsung Galaxy A12 4/128 / 6/128 Garansi Resmi Sein By Tam;SAMSUNG GALAXY A12. RAM 4/128GB. Ram 6/128GB. GARANSI RESMI SEIN. . #Tersedia Case logo. https://tokopedia.link/bW5wzumqwfb. . blackTemperfull=paket unit warna hitam dengan temperglas full (untuk yg mau dipas;https://images.tokopedia.net/img/cache/200-square/VqbcmM/2021/2/7/f5c0e160-deb5-4281-b156-8144e4e59a00.jpg.webp?ect=4g;Rp2.158.000;4.9;murahmeriah shop
Infinix Hot 10 Play 3/32 GB Garansi Resmi;Ready Stock *04 Desember 2021. . SIM Dual SIM (Nano-SIM, dual stand-by). Size 6.82 inches,. PLATFORM OS Android 10 (Go edition), XOS 7. Chipset MediaTek Helio G25 (12 nm). CPU Octa-core (2x2.0 GHz Cortex-A7;https://images.tokopedia.net/img/cache/200-square/VqbcmM/2021/6/21/5f636056-8dfb-40a0-99d5-4bc84afa416d.jpg.webp?ect=4g;Rp1.443.000;5;Gudang-HP
Redmi Note 10 Pro 6/64GB + 8/128GB Garansi Resmi;Garansi Resmi Xiaomi Indonesia. IMEI Terdaftar~. . Siap kirim~. Bukan Pre Order. . NETWORK Technology. GSM / HSPA / LTE. LAUNCH Announced 2021, March 04. Status Available. Released 2021, March 24. BODY Dimensio;https://images.tokopedia.net/img/cache/200-square/VqbcmM/2021/3/31/5a643563-0f91-4abc-97fa-7f32ab9dbc79.jpg.webp?ect=4g;Rp3.635.000;5;duniagadgetku
Samsung Galaxy A52 8/128 RAM 8GB Internal 128GB Garansi Resmi SEIN;Garansi Resmi Samsung Indonesia. . Resmi IMEI sudah terdaftar. Check imei : https://www.kemenperin.go.id/imei/. Jadi saat hp diaktifkan / dipakai otomatis GARANSI Berlaku. . NOTE : SAMSUNG PASTI BUKA SEGEL ;https://images.tokopedia.net/img/cache/200-square/VqbcmM/2021/7/2/b0305c7c-f137-41d3-9831-60849da01727.jpg.webp?ect=4g;Rp4.698.000;4.9;Vote VIP
Samsung Galaxy A52 8/128 RAM 8GB Internal 128GB Garansi Resmi SEIN;Garansi Resmi Samsung Indonesia. . Resmi IMEI sudah terdaftar. Check imei : https://www.kemenperin.go.id/imei/. Jadi saat hp diaktifkan / dipakai otomatis GARANSI Berlaku. . Note : Sebelum kirim kami buka s;data:image/png base64,iVBORw0KGgoAAAANSUhEUgAAAHgAAAB4CAQAAACTbf5ZAAAAiklEQVR42u3PMQEAAAwCoNm/9Cr4Cw3IjYmwsLCwsLCwsLCwsLCwsLCwsLCwsLCwsLCwsLCwsLCwsLCwsLCwsLCwsLCwsLCwsLCwsLCwsLCwsLCwsLCwsLCwsLCwsLCwsLCwsLCwsLCwsLCwsLCwsLCwsLCwsLCwsLCwsLCwsLCwsLCwsLCwsHDrASUpAHnJhbktAAAAAElFTkSuQmCC;Rp4.692.000;4.9;SFONE OMNI STORE
Samsung A12 6/128 RAM 6GB Internal 128GB Garansi Resmi SEIN;Garansi Resmi Samsung Indonesia. . Resmi IMEI sudah terdaftar. Check imei : https://www.kemenperin.go.id/imei/. Jadi saat hp diaktifkan / dipakai otomatis GARANSI Berlaku. . NOTE : SAMSUNG PASTI BUKA SEGEL ;data:image/png base64,iVBORw0KGgoAAAANSUhEUgAAAHgAAAB4CAQAAACTbf5ZAAAAiklEQVR42u3PMQEAAAwCoNm/9Cr4Cw3IjYmwsLCwsLCwsLCwsLCwsLCwsLCwsLCwsLCwsLCwsLCwsLCwsLCwsLCwsLCwsLCwsLCwsLCwsLCwsLCwsLCwsLCwsLCwsLCwsLCwsLCwsLCwsLCwsLCwsLCwsLCwsLCwsLCwsLCwsLCwsLCwsLCwsHDrASUpAHnJhbktAAAAAElFTkSuQmCC;Rp2.378.000;5;Vote VIP
INFINIX SMART 5 RAM 2 32 GARANSI RESMI;GARANSI RESMI INFINIX INDONESIA,IMEI TERDAFTAR. . MOHON CHAT DULU SEBELUM PEMBAYARAN. . UNTUK BONUS ACCESORIES,BISA PILIH DI VARIAN GIFT(UTK NON GIFT=TANPA BONUS ACCESORIES/STANDARD DLM BOXNYA). . PERMINTAA;data:image/png base64,iVBORw0KGgoAAAANSUhEUgAAAHgAAAB4CAQAAACTbf5ZAAAAiklEQVR42u3PMQEAAAwCoNm/9Cr4Cw3IjYmwsLCwsLCwsLCwsLCwsLCwsLCwsLCwsLCwsLCwsLCwsLCwsLCwsLCwsLCwsLCwsLCwsLCwsLCwsLCwsLCwsLCwsLCwsLCwsLCwsLCwsLCwsLCwsLCwsLCwsLCwsLCwsLCwsLCwsLCwsLCwsLCwsHDrASUpAHnJhbktAAAAAElFTkSuQmCC;Rp1.225.000;5;Bintang Terang Cell
Samsung S21 Ultra 5G 16/256 12/512 GB Galaxy Kamera 8K RAM 16 ROM 256;OS : Android 11, One UI 3.1, Chipset: Octa Core Processor. . Quad Rear Camera :. - 108 MP (2nd gen), f/1.8, 26mm, OIS. - 10 MP, f/4.9, 240mm, OIS,. - 10 MP, f/2.4, 70mm,- 12 MP, f/2.2, 13mm, 1/2.55",. LED f;data:image/png base64,iVBORw0KGgoAAAANSUhEUgAAAHgAAAB4CAQAAACTbf5ZAAAAiklEQVR42u3PMQEAAAwCoNm/9Cr4Cw3IjYmwsLCwsLCwsLCwsLCwsLCwsLCwsLCwsLCwsLCwsLCwsLCwsLCwsLCwsLCwsLCwsLCwsLCwsLCwsLCwsLCwsLCwsLCwsLCwsLCwsLCwsLCwsLCwsLCwsLCwsLCwsLCwsLCwsLCwsLCwsLCwsLCwsHDrASUpAHnJhbktAAAAAElFTkSuQmCC;Rp16.799.000;4.9;SUPER_GADGET
INFINIX NOTE 10 RAM 6 128 GARANSI RESMI;GARANSI RESMI INFINIX INDONESIA,IMEI TERDAFTAR. . MOHON CHAT DULU SEBELUM PEMBAYARAN. . UNTUK BONUS ACCESORIES,BISA PILIH DI VARIAN GIFT(UTK NON GIFT=TANPA BONUS ACCESORIES/STANDARD DLM BOXNYA). . PERMINTAA;data:image/png base64,iVBORw0KGgoAAAANSUhEUgAAAHgAAAB4CAQAAACTbf5ZAAAAiklEQVR42u3PMQEAAAwCoNm/9Cr4Cw3IjYmwsLCwsLCwsLCwsLCwsLCwsLCwsLCwsLCwsLCwsLCwsLCwsLCwsLCwsLCwsLCwsLCwsLCwsLCwsLCwsLCwsLCwsLCwsLCwsLCwsLCwsLCwsLCwsLCwsLCwsLCwsLCwsLCwsLCwsLCwsLCwsLCwsHDrASUpAHnJhbktAAAAAElFTkSuQmCC;Rp2.225.000;5;Bintang Terang Cell
Samsung S21 Plus 5G 8/128 8/256 GB Galaxy Kamera 8K S21+ RAM 8 ROM 128;Android 11, One UI 3.1. . MAIN CAMERA. Triple Rear Camera :. - 12 MP, f/1.8, 26mm Dual Pixel PDAF, OIS. - 64 MP, f/2.0, 28mm PDAF, OIS. - 12 MP, f/2.2, 13mm, 120˚, 1/2.55" 1.4µm, Super Steady video. Video 8K;data:image/png base64,iVBORw0KGgoAAAANSUhEUgAAAHgAAAB4CAQAAACTbf5ZAAAAiklEQVR42u3PMQEAAAwCoNm/9Cr4Cw3IjYmwsLCwsLCwsLCwsLCwsLCwsLCwsLCwsLCwsLCwsLCwsLCwsLCwsLCwsLCwsLCwsLCwsLCwsLCwsLCwsLCwsLCwsLCwsLCwsLCwsLCwsLCwsLCwsLCwsLCwsLCwsLCwsLCwsLCwsLCwsLCwsLCwsHDrASUpAHnJhbktAAAAAElFTkSuQmCC;Rp13.699.000;5;SUPER_GADGET
Samsung Galaxy A52 (8/128Gb - 8/256Gb) Garansi Resmi SEIN;Samsung Galaxy A52. Varian 8/128Gb dan 8/256Gb. Imei Terdaftar. Garansi resmi Samsung 1thn. Ready Awesome Black. Pilih sesuai varian dan warna. . NETWORKTechnologyGSM / HSPA / LTE / 5G2G bandsGSM 850 / 900 /;data:image/png base64,iVBORw0KGgoAAAANSUhEUgAAAHgAAAB4CAQAAACTbf5ZAAAAiklEQVR42u3PMQEAAAwCoNm/9Cr4Cw3IjYmwsLCwsLCwsLCwsLCwsLCwsLCwsLCwsLCwsLCwsLCwsLCwsLCwsLCwsLCwsLCwsLCwsLCwsLCwsLCwsLCwsLCwsLCwsLCwsLCwsLCwsLCwsLCwsLCwsLCwsLCwsLCwsLCwsLCwsLCwsLCwsLCwsHDrASUpAHnJhbktAAAAAElFTkSuQmCC;Rp4.695.000;4.8;murahmeriah shop
IPhone 12 Pro Garansi Resmi Ibox;Green Peel. New Product. Garansi Resmi Apple indonesia. . . - Prodak Garansi 364 Hari. ( Tidak Sampai Setahun ). Pada saat Aktifasi Connect Wifi. . yang dipake dan diliat saat Claimb Garansi Adalah. Tgl Estimas;data:image/png base64,iVBORw0KGgoAAAANSUhEUgAAAHgAAAB4CAQAAACTbf5ZAAAAiklEQVR42u3PMQEAAAwCoNm/9Cr4Cw3IjYmwsLCwsLCwsLCwsLCwsLCwsLCwsLCwsLCwsLCwsLCwsLCwsLCwsLCwsLCwsLCwsLCwsLCwsLCwsLCwsLCwsLCwsLCwsLCwsLCwsLCwsLCwsLCwsLCwsLCwsLCwsLCwsLCwsLCwsLCwsLCwsLCwsHDrASUpAHnJhbktAAAAAElFTkSuQmCC;Rp17.399.000;5;PT Pratama Sntra Semesta
Samsung A32 5G 8/128 GB Garansi Resmi SEIN;Ready Stock *22 November 2021. . SIM Single SIM (Nano-SIM) or Dual SIM (Nano-SIM, dual stand-by). Size 6.4 inches, 98.9 cm2 (~84.6% screen-to-body ratio). PLATFORM OS Android 11, One UI 3.1. Chipset MediaT;data:image/png base64,iVBORw0KGgoAAAANSUhEUgAAAHgAAAB4CAQAAACTbf5ZAAAAiklEQVR42u3PMQEAAAwCoNm/9Cr4Cw3IjYmwsLCwsLCwsLCwsLCwsLCwsLCwsLCwsLCwsLCwsLCwsLCwsLCwsLCwsLCwsLCwsLCwsLCwsLCwsLCwsLCwsLCwsLCwsLCwsLCwsLCwsLCwsLCwsLCwsLCwsLCwsLCwsLCwsLCwsLCwsLCwsLCwsHDrASUpAHnJhbktAAAAAElFTkSuQmCC;Rp3.791.000;5;Gudang-HP
Samsung Galaxy A02 3/32 RAM 3GB Internal 32GB Garansi Resmi SEIN;Garansi Resmi Samsung Indonesia. . Resmi IMEI sudah terdaftar. Check imei : https://www.kemenperin.go.id/imei/. Jadi saat hp diaktifkan / dipakai otomatis GARANSI Berlaku. . Note : Sebelum kirim kami buka s;data:image/png base64,iVBORw0KGgoAAAANSUhEUgAAAHgAAAB4CAQAAACTbf5ZAAAAiklEQVR42u3PMQEAAAwCoNm/9Cr4Cw3IjYmwsLCwsLCwsLCwsLCwsLCwsLCwsLCwsLCwsLCwsLCwsLCwsLCwsLCwsLCwsLCwsLCwsLCwsLCwsLCwsLCwsLCwsLCwsLCwsLCwsLCwsLCwsLCwsLCwsLCwsLCwsLCwsLCwsLCwsLCwsLCwsLCwsHDrASUpAHnJhbktAAAAAElFTkSuQmCC;Rp1.480.000;4.9;SFONE OMNI STORE